구성,회차,파일,분석시작행,이음부1_행,이음부1_좌엔코더mm,이음부2_행,이음부2_좌엔코더mm,좌엔코더_600mm구간_측정값,좌_배율,좌_오차퍼센트,우엔코더_600mm구간_측정값,우_배율,우_오차퍼센트
1. 정상,31,9월 28일 31차 실험(시나리오1 1차)-20260928-223151-9b254014_보정.csv,0,191,356.2,541,1040.2,684.0,0.8772,14.0,533.5,1.1247,-11.1
1. 정상,32,9월 28일 32차 실험-20260928-223348-49a8f3e4_보정.csv,0,198,349.9,561,1043.8,693.9,0.8647,15.6,547.3,1.0963,-8.8
1. 정상,33,9월 28일 33차 실험-20260928-223446-eb6c2af2_보정.csv,0,181,347.9,556,1066.0,718.0,0.8356,19.7,561.4,1.0688,-6.4
1. 정상,34,9월 28일 34차 실험-20260928-223600-9d29af73_보정.csv,0,203,366.2,571,1074.0,707.8,0.8477,18.0,556.2,1.0788,-7.3
1. 정상,35,9월 28일 35차 실험-20260928-223709-75c9d598_보정.csv,0,193,347.5,570,1042.3,694.8,0.8635,15.8,549.5,1.0919,-8.4
1. 정상,36,9월 28일 36차 실험-20260928-223819-60d34469_보정.csv,0,208,368.7,577,1070.5,701.9,0.8549,17.0,553.8,1.0835,-7.7
2. 단차,25,9월 28일 25차(시나리오2 1차) 실험-20260928-222045-c90b73be_보정.csv,0,202,347.0,580,1019.0,672.0,0.8928,12.0,551.3,1.0884,-8.1
2. 단차,26,9월 28일 26차 실험-20260928-222250-cc3d2640_보정.csv,0,190,343.9,557,1009.4,665.5,0.9015,10.9,535.0,1.1216,-10.8
2. 단차,27,9월 28일 27차 실험-20260928-222353-e6753683_보정.csv,0,192,349.8,538,1054.4,704.6,0.8516,17.4,549.7,1.0914,-8.4
2. 단차,28,9월 28일 28차 실험-20260928-222459-10bd27a5_보정.csv,0,190,354.0,562,1042.3,688.3,0.8717,14.7,540.0,1.1111,-10.0
2. 단차,29,9월 28일 29차 실험-20260928-222602-2effb435_보정.csv,0,190,344.6,548,1007.9,663.3,0.9045,10.6,529.0,1.1342,-11.8
2. 단차,30,9월 28일 30차 실험-20260928-222727-dc7de351_보정.csv,0,186,338.4,539,1016.8,678.4,0.8844,13.1,543.3,1.1044,-9.5
3. 상하침하,18,9월 28일 18차 실험-20260928-220456-cdd158ad_보정.csv,0,201,343.9,564,988.6,644.8,0.9306,7.5,531.8,1.1283,-11.4
3. 상하침하,19,9월 28일 19차 실험-20260928-220905-b882622e_보정.csv,0,213,350.8,597,1008.3,657.6,0.9124,9.6,543.1,1.1047,-9.5
3. 상하침하,20,9월 28일 20차 실험-20260928-221033-e5477175_보정.csv,0,162,359.1,377,992.8,633.7,0.9468,5.6,527.6,1.1372,-12.1
3. 상하침하,22,9월 28일 22차 실험-20260928-221220-f357dc2b_보정.csv,0,200,319.6,580,961.6,642.0,0.9346,7.0,538.2,1.1148,-10.3
3. 상하침하,23,9월 28일 23차 실험-20260928-221325-547c631a_보정.csv,0,204,338.7,590,990.6,651.9,0.9204,8.6,542.4,1.1061,-9.6
3. 상하침하,24,9월 28일 24차 실험-20260928-221546-b2f65002_보정.csv,0,202,346.8,571,1006.2,659.3,0.91,9.9,541.5,1.108,-9.7
4. 좌우 높이차,12,9월 28일 12차 실험(좌우높이차 1차)-20260928-214708-dccd50fe_보정.csv,376,550,288.3,934,897.0,608.7,0.9858,1.4,544.6,1.1018,-9.2
4. 좌우 높이차,13,9월 28일 13차 실험-20260928-214916-b5eb6b8b_보정.csv,0,221,356.4,581,977.0,620.6,0.9668,3.4,554.9,1.0813,-7.5
4. 좌우 높이차,14,9월 28일 14차 실험-20260928-215244-063744b3_보정.csv,0,206,329.6,570,972.0,642.5,0.9339,7.1,556.2,1.0788,-7.3
4. 좌우 높이차,15,9월 28일 15차 실험-20260928-215507-41d8b32a_보정.csv,0,201,330.5,571,960.5,630.0,0.9524,5.0,545.1,1.1007,-9.1
4. 좌우 높이차,16,9월 28일 16차 실험-20260928-215716-8a7c2ca5_보정.csv,0,213,358.9,576,1022.8,663.9,0.9037,10.7,555.4,1.0804,-7.4
4. 좌우 높이차,17,9월 28일 17차 실험-20260928-215828-1729468b_보정.csv,0,197,343.2,541,990.5,647.4,0.9268,7.9,542.9,1.1052,-9.5
